evaluation_set,model_family,outcome,mae,rmse,r2,mae_ci95_low,mae_ci95_high
cv,acoustic_only,alpha_asymmetry,0.016666666666666666,0.019148542155126763,-0.375,0.01,1.0250000000002042
cv,acoustic_only,alpha_asymmetry,1.0250000000002042,1.0250000000002042,0.0,0.01,1.0250000000002042
cv,legacy_v1,alpha_asymmetry,0.016666666666666666,0.019148542155126763,-0.375,0.01,0.0456678700361011
cv,legacy_v1,alpha_asymmetry,0.04566787003610111,0.04566787003610111,0.0,0.01,0.0456678700361011
cv,modulation_only,alpha_asymmetry,0.016666666666666666,0.019148542155126763,-0.375,0.01,0.0470677324358435
cv,modulation_only,alpha_asymmetry,0.0470677324358435,0.0470677324358435,0.0,0.01,0.0470677324358435
cv,acoustic_only,alpha_peak_frequency_hz,0.2333333333333331,0.264575131106459,-0.16666666666666785,0.22499999999999964,15.125000000002956
cv,acoustic_only,alpha_peak_frequency_hz,15.125000000002956,15.125000000002956,0.0,0.22499999999999964,15.125000000002956
cv,legacy_v1,alpha_peak_frequency_hz,0.2333333333333331,0.264575131106459,-0.16666666666666785,0.22499999999999964,0.4350180505415153
cv,legacy_v1,alpha_peak_frequency_hz,0.4350180505415153,0.4350180505415153,0.0,0.22499999999999964,0.4350180505415153
cv,modulation_only,alpha_peak_frequency_hz,0.2333333333333331,0.264575131106459,-0.16666666666666785,0.22499999999999964,0.4560159865376523
cv,modulation_only,alpha_peak_frequency_hz,0.4560159865376523,0.4560159865376523,0.0,0.22499999999999964,0.4560159865376523
cv,acoustic_only,aperiodic_exponent,0.09666666666666675,0.10847426730181997,-3.8577981651376154,0.08250000000000007,2.440833333333959
cv,acoustic_only,aperiodic_exponent,2.440833333333959,2.440833333333959,0.0,0.08250000000000007,2.440833333333959
cv,legacy_v1,aperiodic_exponent,0.09666666666666675,0.10847426730181997,-3.8577981651376154,0.008772563176895565,0.1080000000000001
cv,legacy_v1,aperiodic_exponent,0.008772563176895565,0.008772563176895565,0.0,0.008772563176895565,0.1080000000000001
cv,modulation_only,aperiodic_exponent,0.09666666666666675,0.10847426730181997,-3.8577981651376154,0.019326181461225778,0.1080000000000001
cv,modulation_only,aperiodic_exponent,0.019326181461225778,0.019326181461225778,0.0,0.019326181461225778,0.1080000000000001
cv,acoustic_only,aperiodic_offset,0.02666666666666667,0.0316227766016838,-2.4615384615384612,0.0225,0.4808333333335532
cv,acoustic_only,aperiodic_offset,0.4808333333335532,0.4808333333335532,0.0,0.0225,0.4808333333335532
cv,legacy_v1,aperiodic_offset,0.02666666666666667,0.0316227766016838,-2.4615384615384612,0.00743682310469318,0.030000000000000006
cv,legacy_v1,aperiodic_offset,0.00743682310469318,0.00743682310469318,0.0,0.00743682310469318,0.030000000000000006
cv,modulation_only,aperiodic_offset,0.02666666666666667,0.0316227766016838,-2.4615384615384612,0.01173023886317954,0.03103814331790773
cv,modulation_only,aperiodic_offset,0.015190716589538633,0.015190716589538633,0.0,0.01173023886317954,0.03103814331790773
cv,acoustic_only,assr_plv,0.06333333333333334,0.0834665601703261,-1.3571428571428572,0.052500000000000005,0.44416666666736865
cv,acoustic_only,assr_plv,0.44416666666736865,0.44416666666736865,0.0,0.052500000000000005,0.44416666666736865
cv,legacy_v1,assr_plv,0.06333333333333334,0.0834665601703261,-1.3571428571428572,0.025282791817087865,0.07516967509025271
cv,legacy_v1,assr_plv,0.035848375451263584,0.035848375451263584,0.0,0.025282791817087865,0.07516967509025271
cv,modulation_only,assr_plv,0.06333333333333334,0.0834665601703261,-1.3571428571428572,0.03727270602533538,0.08236362361520123
cv,modulation_only,assr_plv,0.07181811807600615,0.07181811807600615,0.0,0.03727270602533538,0.08236362361520123
cv,acoustic_only,comfort_rating,0.7666666666666672,0.8185352771872455,-7.1486486486486545,0.6000000000000005,36.291666666667105
cv,acoustic_only,comfort_rating,36.291666666667105,36.291666666667105,0.0,0.6000000000000005,36.291666666667105
cv,legacy_v1,comfort_rating,0.7666666666666672,0.8185352771872455,-7.1486486486486545,0.6000000000000005,1.1202166064981949
cv,legacy_v1,comfort_rating,1.1202166064981949,1.1202166064981949,0.0,0.6000000000000005,1.1202166064981949
cv,modulation_only,comfort_rating,0.7666666666666672,0.8185352771872455,-7.1486486486486545,0.6000000000000005,0.9937479549385317
cv,modulation_only,comfort_rating,0.7812438648155942,0.7812438648155942,0.0,0.6000000000000005,0.9937479549385317
cv,acoustic_only,envelope_plv,0.08666666666666667,0.10132456102380442,-2.725806451612903,0.07500000000000001,0.9283333333340146
cv,acoustic_only,envelope_plv,0.9283333333340146,0.9283333333340146,0.0,0.07500000000000001,0.9283333333340146
cv,legacy_v1,envelope_plv,0.08666666666666667,0.10132456102380442,-2.725806451612903,0.014079422382671541,0.096
cv,legacy_v1,envelope_plv,0.014079422382671541,0.014079422382671541,0.0,0.014079422382671541,0.096
cv,modulation_only,envelope_plv,0.08666666666666667,0.10132456102380442,-2.725806451612903,0.04123171130743702,0.0967390267844622
cv,modulation_only,envelope_plv,0.04369513392231103,0.04369513392231103,0.0,0.04123171130743702,0.0967390267844622
cv,acoustic_only,irritation_rating,0.4333333333333333,0.519615242270663,-2.2837837837837847,0.25,35.958333333334394
cv,acoustic_only,irritation_rating,35.958333333334394,35.958333333334394,0.0,0.25,35.958333333334394
cv,legacy_v1,irritation_rating,0.4333333333333333,0.519615242270663,-2.2837837837837847,0.25,0.868231046931407
cv,legacy_v1,irritation_rating,0.868231046931407,0.868231046931407,0.0,0.25,0.868231046931407
cv,modulation_only,irritation_rating,0.4333333333333333,0.519615242270663,-2.2837837837837847,0.25,0.7215093722245594
cv,modulation_only,irritation_rating,0.5645281166736784,0.5645281166736784,0.0,0.25,0.7215093722245594
cv,acoustic_only,masking_effectiveness_rating,0.8000000000000004,0.836660026534076,-10.666666666666659,0.7250000000000003,14.425000000003115
cv,acoustic_only,masking_effectiveness_rating,14.425000000003115,14.425000000003115,0.0,0.7250000000000003,14.425000000003115
cv,legacy_v1,masking_effectiveness_rating,0.8000000000000004,0.836660026534076,-10.666666666666659,0.26498194945848397,0.8600000000000005
cv,legacy_v1,masking_effectiveness_rating,0.26498194945848397,0.26498194945848397,0.0,0.26498194945848397,0.8600000000000005
cv,modulation_only,masking_effectiveness_rating,0.8000000000000004,0.836660026534076,-10.666666666666659,0.24398401346234788,0.8600000000000005
cv,modulation_only,masking_effectiveness_rating,0.24398401346234788,0.24398401346234788,0.0,0.24398401346234788,0.8600000000000005
cv,acoustic_only,reaction_time_ms,23.666666666666668,26.664583251946766,-3.712076583210604,19.75,839.0833333334813
cv,acoustic_only,reaction_time_ms,839.0833333334813,839.0833333334813,0.0,19.75,839.0833333334813
cv,legacy_v1,reaction_time_ms,23.666666666666668,26.664583251946766,-3.712076583210604,3.397111913357435,26.8
cv,legacy_v1,reaction_time_ms,3.397111913357435,3.397111913357435,0.0,3.397111913357435,26.8
cv,modulation_only,reaction_time_ms,23.666666666666668,26.664583251946766,-3.712076583210604,3.176202496143617,26.8
cv,modulation_only,reaction_time_ms,3.176202496143617,3.176202496143617,0.0,3.176202496143617,26.8
cv,acoustic_only,reaction_time_variability_ms,10.666666666666666,11.775681155103795,-4.571428571428571,9.0,395.3333333333903
cv,acoustic_only,reaction_time_variability_ms,395.3333333333903,395.3333333333903,0.0,9.0,395.3333333333903
cv,legacy_v1,reaction_time_variability_ms,10.666666666666666,11.775681155103795,-4.571428571428571,0.3465703971119183,12.0
cv,legacy_v1,reaction_time_variability_ms,0.3465703971119183,0.3465703971119183,0.0,0.3465703971119183,12.0
cv,modulation_only,reaction_time_variability_ms,10.666666666666666,11.775681155103795,-4.571428571428571,0.5042770999859698,12.0
cv,modulation_only,reaction_time_variability_ms,0.5042770999859698,0.5042770999859698,0.0,0.5042770999859698,12.0
cv,acoustic_only,vigilance_accuracy,0.04666666666666671,0.050990195135927896,-5.157894736842104,0.040000000000000036,1.475833333333572
cv,acoustic_only,vigilance_accuracy,1.475833333333572,1.475833333333572,0.0,0.040000000000000036,1.475833333333572
cv,legacy_v1,vigilance_accuracy,0.04666666666666671,0.050990195135927896,-5.157894736842104,0.001299638989169738,0.052000000000000046
cv,legacy_v1,vigilance_accuracy,0.001299638989169738,0.001299638989169738,0.0,0.001299638989169738,0.052000000000000046
cv,modulation_only,vigilance_accuracy,0.04666666666666671,0.050990195135927896,-5.157894736842104,0.0027268265320432583,0.052000000000000046
cv,modulation_only,vigilance_accuracy,0.0027268265320432583,0.0027268265320432583,0.0,0.0027268265320432583,0.052000000000000046
